{
  "PATCH /v1/job-offers/{id}" : {
    "transaction" : "PATCH /v1/job-offers/{id}",
    "sampleCount" : 175,
    "errorCount" : 0,
    "errorPct" : 0.0,
    "meanResTime" : 336.2514285714287,
    "medianResTime" : 322.0,
    "minResTime" : 306.0,
    "maxResTime" : 1508.0,
    "pct1ResTime" : 355.8,
    "pct2ResTime" : 367.2,
    "pct3ResTime" : 743.4400000000091,
    "throughput" : 0.6070866087101318,
    "receivedKBytesPerSec" : 0.7138010516474596,
    "sentKBytesPerSec" : 1.0588444171448197
  },
  "Total" : {
    "transaction" : "Total",
    "sampleCount" : 16273,
    "errorCount" : 0,
    "errorPct" : 0.0,
    "meanResTime" : 1090.702574817183,
    "medianResTime" : 845.0,
    "minResTime" : 248.0,
    "maxResTime" : 40168.0,
    "pct1ResTime" : 933.0,
    "pct2ResTime" : 1001.0,
    "pct3ResTime" : 1528.8600000000024,
    "throughput" : 27.06298509398787,
    "receivedKBytesPerSec" : 135.0240717627278,
    "sentKBytesPerSec" : 45.14754290332545
  },
  "DELETE /v1/job-offers/{id}" : {
    "transaction" : "DELETE /v1/job-offers/{id}",
    "sampleCount" : 174,
    "errorCount" : 0,
    "errorPct" : 0.0,
    "meanResTime" : 281.0344827586208,
    "medianResTime" : 268.0,
    "minResTime" : 248.0,
    "maxResTime" : 1200.0,
    "pct1ResTime" : 299.0,
    "pct2ResTime" : 310.25,
    "pct3ResTime" : 1037.25,
    "throughput" : 0.6135380340689913,
    "receivedKBytesPerSec" : 0.20970538273842476,
    "sentKBytesPerSec" : 1.0443328060373553
  },
  "GET /v1/job-offers/{id}" : {
    "transaction" : "GET /v1/job-offers/{id}",
    "sampleCount" : 179,
    "errorCount" : 0,
    "errorPct" : 0.0,
    "meanResTime" : 273.99441340782107,
    "medianResTime" : 268.0,
    "minResTime" : 252.0,
    "maxResTime" : 576.0,
    "pct1ResTime" : 294.0,
    "pct2ResTime" : 308.0,
    "pct3ResTime" : 417.59999999999775,
    "throughput" : 0.6086737712610768,
    "receivedKBytesPerSec" : 0.6984293762028958,
    "sentKBytesPerSec" : 1.0229761331448373
  },
  "GET /v1/job-offers" : {
    "transaction" : "GET /v1/job-offers",
    "sampleCount" : 15387,
    "errorCount" : 0,
    "errorPct" : 0.0,
    "meanResTime" : 1129.3536101904197,
    "medianResTime" : 847.0,
    "minResTime" : 799.0,
    "maxResTime" : 40168.0,
    "pct1ResTime" : 938.0,
    "pct2ResTime" : 1005.0,
    "pct3ResTime" : 1568.0,
    "throughput" : 51.14950934765843,
    "receivedKBytesPerSec" : 267.8956935003939,
    "sentKBytesPerSec" : 84.71637485705928
  },
  "PUT /v1/job-offers/{id}" : {
    "transaction" : "PUT /v1/job-offers/{id}",
    "sampleCount" : 176,
    "errorCount" : 0,
    "errorPct" : 0.0,
    "meanResTime" : 358.7954545454545,
    "medianResTime" : 343.0,
    "minResTime" : 321.0,
    "maxResTime" : 1057.0,
    "pct1ResTime" : 379.3,
    "pct2ResTime" : 395.90000000000003,
    "pct3ResTime" : 918.3999999999982,
    "throughput" : 0.6074055156562223,
    "receivedKBytesPerSec" : 0.22362488222890214,
    "sentKBytesPerSec" : 1.2996342625027177
  },
  "POST /v1/job-offers" : {
    "transaction" : "POST /v1/job-offers",
    "sampleCount" : 182,
    "errorCount" : 0,
    "errorPct" : 0.0,
    "meanResTime" : 833.5274725274729,
    "medianResTime" : 818.0,
    "minResTime" : 790.0,
    "maxResTime" : 1992.0,
    "pct1ResTime" : 869.7,
    "pct2ResTime" : 899.0,
    "pct3ResTime" : 1251.639999999989,
    "throughput" : 0.6104965148028633,
    "receivedKBytesPerSec" : 0.21880099700454184,
    "sentKBytesPerSec" : 1.2871698979095527
  }
}